{"logo_type":"text","logo_text":"medstore","logo_img":"","enable_lazy":"1","header_sticky_enable":"1","announcement_enable":"1","header-style":"1","header-style-mobile":"1","newsletter_enable":"1","newsletter_title":"Subscribe and get <span>30%<\/span> discount.","newsletter_input":"Your email address","newsletter_button":"Subscribe","grid_cols_footer":"5","bg_color_footer":"#F6F6F6","text_color_footer":{"color":"#343434","hover":"#436CFF"},"spacing_footer":{"top":"105","bottom":"55"},"text_copyright":"\u00a9 2024 Medstore. All Rights Reserved.","bg_color_copyright":"#ECECEC","text_color_copyright":{"color":"#737373","hover":"#436CFF"},"spacing_copyright":{"top":"10","bottom":"10"},"bg_color_bottom_nav":"#223680","text_color_bottom_nav":"#ffffff","breadcrumb_enable":"1","breadcrumb_style":"slash","contact_email":"info@medstore.dev","hotline":"4-956-232-0955","address":"123 Main Street, CA 12345","blog-layout":"list","blog-single-heading":"2","mini_cart_enable":"1","shop_layout":"grid","product_per_page":"8","product_loop_add_to_cart_style":"hover","product_loop_stock_enable":"","product_loop_policy_enable":"0","product_loop_border_enable":"0","added_cart_text":"Product has been added to your cart.","product_policy":[{"title":"Quality assurance"},{"title":"1 year warranty"},{"title":"Good policy"}],"login_banner":{"url":"http:\/\/medstore.nouthemes.com\/wp-content\/uploads\/2024\/06\/Rectangle-3463997.png","id":"50","width":"806","height":"600","thumbnail":"http:\/\/medstore.nouthemes.com\/wp-content\/uploads\/2024\/06\/Rectangle-3463997-150x150.png","alt":"","title":"Rectangle-3463997","description":""},"register_banner":{"url":"http:\/\/medstore.nouthemes.com\/wp-content\/uploads\/2024\/06\/Rectangle-3463996.png","id":"49","width":"806","height":"600","thumbnail":"http:\/\/medstore.nouthemes.com\/wp-content\/uploads\/2024\/06\/Rectangle-3463996-150x150.png","alt":"","title":"Rectangle-3463996","description":""},"social_facebook":"#","social_twitter":"#","social_instagram":"#","social_printest":"#","social_youtube":"#","social_linkedin":"#","text_announcement":"We Provides <span class=\"text-primary-color\">Medical Accessories<\/span>","page_announcement":[{"page_id":"15"},{"page_id":"18"},{"page_id":"9"}],"social_announcement":[{"social_id":"facebook"},{"social_id":"twitter"},{"social_id":"youtube"}],"bg_color_announcement":"#F6F6F6","text_color_announcement":{"color":"#686868","hover":"#436CFF"},"spacing_announcement":{"top":"4","bottom":"4"},"primary-color":"#436CFF","background-color":"#ffffff","heading-color":"#151515","body-color":"#151515","menu-color":"#686868","widget-color":"#343434","body_second_typography":{"font-family":"Josefin Sans","font-weight":"400","font-style":"","type":"google","unit":"px"},"body_typography":{"font-family":"Montserrat","font-weight":"400","font-style":"","type":"google","unit":"px"},"heading_typography":{"font-family":"Josefin Sans","font-weight":"700","font-style":"","type":"google","unit":"px"},"menu_typography":{"font-family":"Josefin Sans","font-weight":"400","font-style":"","type":"google","unit":"px"},"button_typography":{"font-family":"Josefin Sans","font-weight":"400","font-style":"","type":"google","unit":"px"},"404_title":"Oops! That page can\u2019t be found.","404_content":"The page you're looking for isn't available. Try to search again or use the go to.","404_img":{"url":"http:\/\/medstore.nouthemes.com\/wp-content\/plugins\/medstore-helpers\/assets\/images\/404.png","id":"","width":"","height":"","thumbnail":"","alt":"","title":"","description":""},"404_bg":{"url":"http:\/\/medstore.nouthemes.com\/wp-content\/plugins\/medstore-helpers\/assets\/images\/bg-404.png","id":"","width":"","height":"","thumbnail":"","alt":"","title":"","description":""},"custom_css":".element{ color: #ffbc00; }"}